{"inputUnits":[34],"outputUnits":10,"inputs":{"0":{"dtype":"number","min":141.88350098606213,"max":436.7775601635647},"1":{"dtype":"number","min":51.90753387569919,"max":258.5201183274562},"2":{"dtype":"number","min":135.61478551723613,"max":446.2624682712184},"3":{"dtype":"number","min":51.04280108143848,"max":250.04278635700388},"4":{"dtype":"number","min":139.97892862164093,"max":440.4642761171096},"5":{"dtype":"number","min":48.79095767722521,"max":253.4393987395884},"6":{"dtype":"number","min":130.62497625091197,"max":452.90286053015564},"7":{"dtype":"number","min":54.41037664153697,"max":240.9651059399319},"8":{"dtype":"number","min":139.10008768163303,"max":444.2996494872097},"9":{"dtype":"number","min":52.797718567607006,"max":239.8977252203203},"10":{"dtype":"number","min":149.3060943959752,"max":427.22631669693885},"11":{"dtype":"number","min":92.57977081180084,"max":258.95973769607247},"12":{"dtype":"number","min":150.53117091553685,"max":393.5995189503473},"13":{"dtype":"number","min":99.01426678965527,"max":255.00538629316634},"14":{"dtype":"number","min":181.12538972253466,"max":466.7688439513923},"15":{"dtype":"number","min":68.16153915939628,"max":349.2148527746535},"16":{"dtype":"number","min":181.60639068959753,"max":391.6476671983296},"17":{"dtype":"number","min":67.66447193427771,"max":343.55181861016536},"18":{"dtype":"number","min":186.98511502158317,"max":537.9099615074781},"19":{"dtype":"number","min":6.083321775443821,"max":424.8653521704767},"20":{"dtype":"number","min":159.67944312188413,"max":447.0178317652602},"21":{"dtype":"number","min":8.084479305994648,"max":413.78392794716683},"22":{"dtype":"number","min":155.19697048320845,"max":411.5220410536235},"23":{"dtype":"number","min":158.23123976414306,"max":394.88888573553777},"24":{"dtype":"number","min":214.26067664001704,"max":397.47891555964253},"25":{"dtype":"number","min":150.6951910234147,"max":316.6035026520607},"26":{"dtype":"number","min":211.9599766118981,"max":463.06771957456834},"27":{"dtype":"number","min":264.85620402176556,"max":405.92946212115453},"28":{"dtype":"number","min":198.07254843210896,"max":443.6133857459874},"29":{"dtype":"number","min":266.0185045769243,"max":404.5524715913409},"30":{"dtype":"number","min":209.62819733972216,"max":517.1971801282831},"31":{"dtype":"number","min":257.9045467154061,"max":456.8820131056967},"32":{"dtype":"number","min":162.08813619057028,"max":518.3161706590467},"33":{"dtype":"number","min":372.6931394584448,"max":457.82662595756324}},"outputs":{"0":{"dtype":"string","min":0,"max":1,"uniqueValues":["0","1","2","3","4","5","6","7","8","9"],"legend":{"0":[1,0,0,0,0,0,0,0,0,0],"1":[0,1,0,0,0,0,0,0,0,0],"2":[0,0,1,0,0,0,0,0,0,0],"3":[0,0,0,1,0,0,0,0,0,0],"4":[0,0,0,0,1,0,0,0,0,0],"5":[0,0,0,0,0,1,0,0,0,0],"6":[0,0,0,0,0,0,1,0,0,0],"7":[0,0,0,0,0,0,0,1,0,0],"8":[0,0,0,0,0,0,0,0,1,0],"9":[0,0,0,0,0,0,0,0,0,1]}}},"isNormalized":true}